 Global Constants,,"Note: from late 2022 to mid-2025, approximately 18% to 29% of the total or circulating supply of Curve DAO Token (CRV) is locked in staking (veCRV). ",,,,,,,,,,,,,,,,,,,,,,,,,,,,,,,,,,,,,,,,,,,,,,,,,
Year,0,1,2,3,4,5,6,7,8,9,10,11,12,13,14,15,16,17,18,19,20,21,22,23,24,25,26,27,28,29,30,31,32,33,34,35,36,37,38,39,40,41,42,43,44,45,46,47,48,49,50
Total Supply (RSC),"1,000,000,000","1,000,000,000","1,000,000,000","1,000,000,000","1,000,000,000","1,000,000,000","1,000,000,000","1,000,000,000","1,000,000,000","1,000,000,000","1,000,000,000","1,000,000,000","1,000,000,000","1,000,000,000","1,000,000,000","1,000,000,000","1,000,000,000","1,000,000,000","1,000,000,000","1,000,000,000","1,000,000,000","1,000,000,000","1,000,000,000","1,000,000,000","1,000,000,000","1,000,000,000","1,000,000,000","1,000,000,000","1,000,000,000","1,000,000,000","1,000,000,000","1,000,000,000","1,000,000,000","1,000,000,000","1,000,000,000","1,000,000,000","1,000,000,000","1,000,000,000","1,000,000,000","1,000,000,000","1,000,000,000","1,000,000,000","1,000,000,000","1,000,000,000","1,000,000,000","1,000,000,000","1,000,000,000","1,000,000,000","1,000,000,000","1,000,000,000","1,000,000,000"
Circulating Supply (RSC),"134,157,343","143,657,343","153,055,009","162,351,444","171,547,737","180,644,968","189,644,204","198,546,501","207,352,901","216,064,440","224,682,138","233,207,006","241,640,044","249,982,242","258,234,578","266,398,019","274,473,524","282,462,040","290,364,504","298,181,843","305,914,973","313,564,802","321,132,227","328,618,136","336,023,407","343,348,909","350,595,500","357,764,031","364,855,342","371,870,267","378,809,626","385,674,235","392,464,898","399,182,413","405,827,566","412,401,138","418,903,900","425,336,614","431,700,034","437,994,908","444,221,974","450,381,962","456,475,595","462,503,587","468,466,645","474,365,470","480,200,752","485,973,177","491,683,422","497,332,156","502,920,041"
Price (USD),$0.0933,$0.0933,$0.0933,$0.0933,$0.0933,$0.0933,$0.0933,$0.0933,$0.0933,$0.0933,$0.0933,$0.0933,$0.0933,$0.0933,$0.0933,$0.0933,$0.0933,$0.0933,$0.0933,$0.0933,$0.0933,$0.0933,$0.0933,$0.0933,$0.0933,$0.0933,$0.0933,$0.0933,$0.0933,$0.0933,$0.0933,$0.0933,$0.0933,$0.0933,$0.0933,$0.0933,$0.0933,$0.0933,$0.0933,$0.0933,$0.0933,$0.0933,$0.0933,$0.0933,$0.0933,$0.0933,$0.0933,$0.0933,$0.0933,$0.0933,$0.0933
Emission/yr,"9,500,000","9,397,666","9,296,435","9,196,294","9,097,231","8,999,236","8,902,296","8,806,401","8,711,538","8,617,698","8,524,868","8,433,038","8,342,198","8,252,336","8,163,442","8,075,505","7,988,516","7,902,464","7,817,339","7,733,130","7,649,829","7,567,425","7,485,909","7,405,271","7,325,501","7,246,591","7,168,531","7,091,312","7,014,924","6,939,360","6,864,609","6,790,663","6,717,514","6,645,153","6,573,572","6,502,762","6,432,714","6,363,421","6,294,874","6,227,066","6,159,988","6,093,633","6,027,992","5,963,059","5,898,825","5,835,283","5,772,425","5,710,244","5,648,734","5,587,886","5,527,693"
,,,,,,,,,,,,,,,,,,,,,,,,,,,,,,,,,,,,,,,,,,,,,,,,,,,
,,,,,,,,,,,,,,,,,,,,,,,,,,,,,,,,,,,,,,,,,,,,,,,,,,,
Graph 1: Year 1 APY as a function of how much emissions go towards rewards,,,,,,,,,,,,,,,,,,,,,,,,,,,,,,,,,,,,,,,,,,,,,,,,,,,
Funder Variables,,,,,,,,,,,,,,,,,,,,,,,,,,,,,,,,,,,,,,,,,,,,,,,,,,,
Individual Stake (RSC),"10,000,000","10,000,000","10,000,000","10,000,000","10,000,000","10,000,000","10,000,000","10,000,000","10,000,000","10,000,000","10,000,000","10,000,000","10,000,000","10,000,000","10,000,000","10,000,000","10,000,000","10,000,000","10,000,000","10,000,000","10,000,000","10,000,000","10,000,000","10,000,000","10,000,000","10,000,000","10,000,000","10,000,000","10,000,000","10,000,000","10,000,000","10,000,000","10,000,000","10,000,000","10,000,000","10,000,000","10,000,000","10,000,000","10,000,000","10,000,000","10,000,000","10,000,000","10,000,000","10,000,000","10,000,000","10,000,000","10,000,000","10,000,000","10,000,000","10,000,000","10,000,000"
Multiplier,1,1,1,1,1,1,1,1,1,1,1,1,1,1,1,1,1,1,1,1,1,1,1,1,1,1,1,1,1,1,1,1,1,1,1,1,1,1,1,1,1,1,1,1,1,1,1,1,1,1,1
Effective Stake (RSC),"10,000,000","10,000,000","10,000,000","10,000,000","10,000,000","10,000,000","10,000,000","10,000,000","10,000,000","10,000,000","10,000,000","10,000,000","10,000,000","10,000,000","10,000,000","10,000,000","10,000,000","10,000,000","10,000,000","10,000,000","10,000,000","10,000,000","10,000,000","10,000,000","10,000,000","10,000,000","10,000,000","10,000,000","10,000,000","10,000,000","10,000,000","10,000,000","10,000,000","10,000,000","10,000,000","10,000,000","10,000,000","10,000,000","10,000,000","10,000,000","10,000,000","10,000,000","10,000,000","10,000,000","10,000,000","10,000,000","10,000,000","10,000,000","10,000,000","10,000,000","10,000,000"
% Circ Supply you stake,7.45%,6.96%,6.53%,6.16%,5.83%,5.54%,5.27%,5.04%,4.82%,4.63%,4.45%,4.29%,4.14%,4.00%,3.87%,3.75%,3.64%,3.54%,3.44%,3.35%,3.27%,3.19%,3.11%,3.04%,2.98%,2.91%,2.85%,2.80%,2.74%,2.69%,2.64%,2.59%,2.55%,2.51%,2.46%,2.42%,2.39%,2.35%,2.32%,2.28%,2.25%,2.22%,2.19%,2.16%,2.13%,2.11%,2.08%,2.06%,2.03%,2.01%,1.99%
 Global Variables,,,,,,,,,,,,,,,,,,,,,,,,,,,,,,,,,,,,,,,,,,,,,,,,,,,
Average Multiplier on other stakes,1,1,1,1,1,1,1,1,1,1,1,1,1,1,1,1,1,1,1,1,1,1,1,1,1,1,1,1,1,1,1,1,1,1,1,1,1,1,1,1,1,1,1,1,1,1,1,1,1,1,1
,"Note: from late 2022 to mid-2025, approximately 18% to 29% of the total or circulating supply of Curve DAO Token (CRV) is locked in staking (veCRV). ",,,,,,,,,,,,,,,,,,,,,,,,,,,,,,,,,,,,,,,,,,,,,,,,,,
% Circ. Supply Staked,Yearly returns Estimates,,,,,,,,,,,,,,,,,,,,,,,,,,,,,,,,,,,,,,,,,,,,,,,,,,
,Year 0,Year 1,Year 2,Year 3,Year 4,Year 5,Year 6,Year 7,Year 8,Year 9,Year 10,Year 11,Year 12,Year 13,Year 14,Year 15,Year 16,Year 17,Year 18,Year 19,Year 20,,,,,,,,,,30,,,,,,,,,,40,,,,,,,,,,50
1,708.12%,654.17%,607.39%,566.44%,530.30%,498.17%,469.42%,443.54%,420.13%,398.85%,379.42%,361.61%,345.23%,330.12%,316.13%,303.14%,291.05%,279.77%,269.23%,259.34%,250.06%,241.34%,233.11%,225.35%,218.01%,211.06%,204.47%,198.21%,192.27%,186.61%,181.22%,176.07%,171.16%,166.47%,161.98%,157.68%,153.56%,149.61%,145.82%,142.17%,138.67%,135.30%,132.06%,128.93%,125.92%,123.01%,120.21%,117.50%,114.89%,112.36%,109.91%
2,354.06%,327.09%,303.70%,283.22%,265.15%,249.09%,234.71%,221.77%,210.07%,199.42%,189.71%,180.81%,172.62%,165.06%,158.06%,151.57%,145.52%,139.89%,134.61%,129.67%,125.03%,120.67%,116.55%,112.67%,109.00%,105.53%,102.23%,99.11%,96.13%,93.30%,90.61%,88.04%,85.58%,83.23%,80.99%,78.84%,76.78%,74.80%,72.91%,71.09%,69.33%,67.65%,66.03%,64.46%,62.96%,61.51%,60.10%,58.75%,57.44%,56.18%,54.96%
3,236.04%,218.06%,202.46%,188.81%,176.77%,166.06%,156.47%,147.85%,140.04%,132.95%,126.47%,120.54%,115.08%,110.04%,105.38%,101.05%,97.02%,93.26%,89.74%,86.45%,83.35%,80.45%,77.70%,75.12%,72.67%,70.35%,68.16%,66.07%,64.09%,62.20%,60.41%,58.69%,57.05%,55.49%,53.99%,52.56%,51.19%,49.87%,48.61%,47.39%,46.22%,45.10%,44.02%,42.98%,41.97%,41.00%,40.07%,39.17%,38.30%,37.45%,36.64%
4,177.03%,163.54%,151.85%,141.61%,132.58%,124.54%,117.36%,110.89%,105.03%,99.71%,94.85%,90.40%,86.31%,82.53%,79.03%,75.78%,72.76%,69.94%,67.31%,64.84%,62.52%,60.33%,58.28%,56.34%,54.50%,52.76%,51.12%,49.55%,48.07%,46.65%,45.30%,44.02%,42.79%,41.62%,40.49%,39.42%,38.39%,37.40%,36.45%,35.54%,34.67%,33.82%,33.01%,32.23%,31.48%,30.75%,30.05%,29.38%,28.72%,28.09%,27.48%
5,141.62%,130.83%,121.48%,113.29%,106.06%,99.63%,93.88%,88.71%,84.03%,79.77%,75.88%,72.32%,69.05%,66.02%,63.23%,60.63%,58.21%,55.95%,53.85%,51.87%,50.01%,48.27%,46.62%,45.07%,43.60%,42.21%,40.89%,39.64%,38.45%,37.32%,36.24%,35.21%,34.23%,33.29%,32.40%,31.54%,30.71%,29.92%,29.16%,28.43%,27.73%,27.06%,26.41%,25.79%,25.18%,24.60%,24.04%,23.50%,22.98%,22.47%,21.98%
6,118.02%,109.03%,101.23%,94.41%,88.38%,83.03%,78.24%,73.92%,70.02%,66.47%,63.24%,60.27%,57.54%,55.02%,52.69%,50.52%,48.51%,46.63%,44.87%,43.22%,41.68%,40.22%,38.85%,37.56%,36.33%,35.18%,34.08%,33.04%,32.04%,31.10%,30.20%,29.35%,28.53%,27.74%,27.00%,26.28%,25.59%,24.93%,24.30%,23.70%,23.11%,22.55%,22.01%,21.49%,20.99%,20.50%,20.03%,19.58%,19.15%,18.73%,18.32%
7,101.16%,93.45%,86.77%,80.92%,75.76%,71.17%,67.06%,63.36%,60.02%,56.98%,54.20%,51.66%,49.32%,47.16%,45.16%,43.31%,41.58%,39.97%,38.46%,37.05%,35.72%,34.48%,33.30%,32.19%,31.14%,30.15%,29.21%,28.32%,27.47%,26.66%,25.89%,25.15%,24.45%,23.78%,23.14%,22.53%,21.94%,21.37%,20.83%,20.31%,19.81%,19.33%,18.87%,18.42%,17.99%,17.57%,17.17%,16.79%,16.41%,16.05%,15.70%
8,88.52%,81.77%,75.92%,70.81%,66.29%,62.27%,58.68%,55.44%,52.52%,49.86%,47.43%,45.20%,43.15%,41.26%,39.52%,37.89%,36.38%,34.97%,33.65%,32.42%,31.26%,30.17%,29.14%,28.17%,27.25%,26.38%,25.56%,24.78%,24.03%,23.33%,22.65%,22.01%,21.40%,20.81%,20.25%,19.71%,19.20%,18.70%,18.23%,17.77%,17.33%,16.91%,16.51%,16.12%,15.74%,15.38%,15.03%,14.69%,14.36%,14.04%,13.74%
9,78.68%,72.69%,67.49%,62.94%,58.92%,55.35%,52.16%,49.28%,46.68%,44.32%,42.16%,40.18%,38.36%,36.68%,35.13%,33.68%,32.34%,31.09%,29.91%,28.82%,27.78%,26.82%,25.90%,25.04%,24.22%,23.45%,22.72%,22.02%,21.36%,20.73%,20.14%,19.56%,19.02%,18.50%,18.00%,17.52%,17.06%,16.62%,16.20%,15.80%,15.41%,15.03%,14.67%,14.33%,13.99%,13.67%,13.36%,13.06%,12.77%,12.48%,12.21%
10,70.81%,65.42%,60.74%,56.64%,53.03%,49.82%,46.94%,44.35%,42.01%,39.88%,37.94%,36.16%,34.52%,33.01%,31.61%,30.31%,29.10%,27.98%,26.92%,25.93%,25.01%,24.13%,23.31%,22.53%,21.80%,21.11%,20.45%,19.82%,19.23%,18.66%,18.12%,17.61%,17.12%,16.65%,16.20%,15.77%,15.36%,14.96%,14.58%,14.22%,13.87%,13.53%,13.21%,12.89%,12.59%,12.30%,12.02%,11.75%,11.49%,11.24%,10.99%
11,64.37%,59.47%,55.22%,51.49%,48.21%,45.29%,42.67%,40.32%,38.19%,36.26%,34.49%,32.87%,31.38%,30.01%,28.74%,27.56%,26.46%,25.43%,24.48%,23.58%,22.73%,21.94%,21.19%,20.49%,19.82%,19.19%,18.59%,18.02%,17.48%,16.96%,16.47%,16.01%,15.56%,15.13%,14.73%,14.33%,13.96%,13.60%,13.26%,12.92%,12.61%,12.30%,12.01%,11.72%,11.45%,11.18%,10.93%,10.68%,10.44%,10.21%,9.99%
12,59.01%,54.51%,50.62%,47.20%,44.19%,41.51%,39.12%,36.96%,35.01%,33.24%,31.62%,30.13%,28.77%,27.51%,26.34%,25.26%,24.25%,23.31%,22.44%,21.61%,20.84%,20.11%,19.43%,18.78%,18.17%,17.59%,17.04%,16.52%,16.02%,15.55%,15.10%,14.67%,14.26%,13.87%,13.50%,13.14%,12.80%,12.47%,12.15%,11.85%,11.56%,11.27%,11.00%,10.74%,10.49%,10.25%,10.02%,9.79%,9.57%,9.36%,9.16%
13,54.47%,50.32%,46.72%,43.57%,40.79%,38.32%,36.11%,34.12%,32.32%,30.68%,29.19%,27.82%,26.56%,25.39%,24.32%,23.32%,22.39%,21.52%,20.71%,19.95%,19.24%,18.56%,17.93%,17.33%,16.77%,16.24%,15.73%,15.25%,14.79%,14.35%,13.94%,13.54%,13.17%,12.81%,12.46%,12.13%,11.81%,11.51%,11.22%,10.94%,10.67%,10.41%,10.16%,9.92%,9.69%,9.46%,9.25%,9.04%,8.84%,8.64%,8.45%
14,50.58%,46.73%,43.39%,40.46%,37.88%,35.58%,33.53%,31.68%,30.01%,28.49%,27.10%,25.83%,24.66%,23.58%,22.58%,21.65%,20.79%,19.98%,19.23%,18.52%,17.86%,17.24%,16.65%,16.10%,15.57%,15.08%,14.60%,14.16%,13.73%,13.33%,12.94%,12.58%,12.23%,11.89%,11.57%,11.26%,10.97%,10.69%,10.42%,10.16%,9.90%,9.66%,9.43%,9.21%,8.99%,8.79%,8.59%,8.39%,8.21%,8.03%,7.85%
15,47.21%,43.61%,40.49%,37.76%,35.35%,33.21%,31.29%,29.57%,28.01%,26.59%,25.29%,24.11%,23.02%,22.01%,21.08%,20.21%,19.40%,18.65%,17.95%,17.29%,16.67%,16.09%,15.54%,15.02%,14.53%,14.07%,13.63%,13.21%,12.82%,12.44%,12.08%,11.74%,11.41%,11.10%,10.80%,10.51%,10.24%,9.97%,9.72%,9.48%,9.24%,9.02%,8.80%,8.60%,8.39%,8.20%,8.01%,7.83%,7.66%,7.49%,7.33%
16,44.26%,40.89%,37.96%,35.40%,33.14%,31.14%,29.34%,27.72%,26.26%,24.93%,23.71%,22.60%,21.58%,20.63%,19.76%,18.95%,18.19%,17.49%,16.83%,16.21%,15.63%,15.08%,14.57%,14.08%,13.63%,13.19%,12.78%,12.39%,12.02%,11.66%,11.33%,11.00%,10.70%,10.40%,10.12%,9.86%,9.60%,9.35%,9.11%,8.89%,8.67%,8.46%,8.25%,8.06%,7.87%,7.69%,7.51%,7.34%,7.18%,7.02%,6.87%
17,41.65%,38.48%,35.73%,33.32%,31.19%,29.30%,27.61%,26.09%,24.71%,23.46%,22.32%,21.27%,20.31%,19.42%,18.60%,17.83%,17.12%,16.46%,15.84%,15.26%,14.71%,14.20%,13.71%,13.26%,12.82%,12.42%,12.03%,11.66%,11.31%,10.98%,10.66%,10.36%,10.07%,9.79%,9.53%,9.28%,9.03%,8.80%,8.58%,8.36%,8.16%,7.96%,7.77%,7.58%,7.41%,7.24%,7.07%,6.91%,6.76%,6.61%,6.47%
18,39.34%,36.34%,33.74%,31.47%,29.46%,27.68%,26.08%,24.64%,23.34%,22.16%,21.08%,20.09%,19.18%,18.34%,17.56%,16.84%,16.17%,15.54%,14.96%,14.41%,13.89%,13.41%,12.95%,12.52%,12.11%,11.73%,11.36%,11.01%,10.68%,10.37%,10.07%,9.78%,9.51%,9.25%,9.00%,8.76%,8.53%,8.31%,8.10%,7.90%,7.70%,7.52%,7.34%,7.16%,7.00%,6.83%,6.68%,6.53%,6.38%,6.24%,6.11%
19,37.27%,34.43%,31.97%,29.81%,27.91%,26.22%,24.71%,23.34%,22.11%,20.99%,19.97%,19.03%,18.17%,17.37%,16.64%,15.95%,15.32%,14.72%,14.17%,13.65%,13.16%,12.70%,12.27%,11.86%,11.47%,11.11%,10.76%,10.43%,10.12%,9.82%,9.54%,9.27%,9.01%,8.76%,8.53%,8.30%,8.08%,7.87%,7.67%,7.48%,7.30%,7.12%,6.95%,6.79%,6.63%,6.47%,6.33%,6.18%,6.05%,5.91%,5.78%
20,35.41%,32.71%,30.37%,28.32%,26.52%,24.91%,23.47%,22.18%,21.01%,19.94%,18.97%,18.08%,17.26%,16.51%,15.81%,15.16%,14.55%,13.99%,13.46%,12.97%,12.50%,12.07%,11.66%,11.27%,10.90%,10.55%,10.22%,9.91%,9.61%,9.33%,9.06%,8.80%,8.56%,8.32%,8.10%,7.88%,7.68%,7.48%,7.29%,7.11%,6.93%,6.76%,6.60%,6.45%,6.30%,6.15%,6.01%,5.88%,5.74%,5.62%,5.50%
21,33.72%,31.15%,28.92%,26.97%,25.25%,23.72%,22.35%,21.12%,20.01%,18.99%,18.07%,17.22%,16.44%,15.72%,15.05%,14.44%,13.86%,13.32%,12.82%,12.35%,11.91%,11.49%,11.10%,10.73%,10.38%,10.05%,9.74%,9.44%,9.16%,8.89%,8.63%,8.38%,8.15%,7.93%,7.71%,7.51%,7.31%,7.12%,6.94%,6.77%,6.60%,6.44%,6.29%,6.14%,6.00%,5.86%,5.72%,5.60%,5.47%,5.35%,5.23%
22,32.19%,29.74%,27.61%,25.75%,24.10%,22.64%,21.34%,20.16%,19.10%,18.13%,17.25%,16.44%,15.69%,15.01%,14.37%,13.78%,13.23%,12.72%,12.24%,11.79%,11.37%,10.97%,10.60%,10.24%,9.91%,9.59%,9.29%,9.01%,8.74%,8.48%,8.24%,8.00%,7.78%,7.57%,7.36%,7.17%,6.98%,6.80%,6.63%,6.46%,6.30%,6.15%,6.00%,5.86%,5.72%,5.59%,5.46%,5.34%,5.22%,5.11%,5.00%
23,30.79%,28.44%,26.41%,24.63%,23.06%,21.66%,20.41%,19.28%,18.27%,17.34%,16.50%,15.72%,15.01%,14.35%,13.74%,13.18%,12.65%,12.16%,11.71%,11.28%,10.87%,10.49%,10.14%,9.80%,9.48%,9.18%,8.89%,8.62%,8.36%,8.11%,7.88%,7.66%,7.44%,7.24%,7.04%,6.86%,6.68%,6.50%,6.34%,6.18%,6.03%,5.88%,5.74%,5.61%,5.47%,5.35%,5.23%,5.11%,5.00%,4.89%,4.78%
24,29.51%,27.26%,25.31%,23.60%,22.10%,20.76%,19.56%,18.48%,17.51%,16.62%,15.81%,15.07%,14.38%,13.75%,13.17%,12.63%,12.13%,11.66%,11.22%,10.81%,10.42%,10.06%,9.71%,9.39%,9.08%,8.79%,8.52%,8.26%,8.01%,7.78%,7.55%,7.34%,7.13%,6.94%,6.75%,6.57%,6.40%,6.23%,6.08%,5.92%,5.78%,5.64%,5.50%,5.37%,5.25%,5.13%,5.01%,4.90%,4.79%,4.68%,4.58%
25,28.32%,26.17%,24.30%,22.66%,21.21%,19.93%,18.78%,17.74%,16.81%,15.95%,15.18%,14.46%,13.81%,13.20%,12.65%,12.13%,11.64%,11.19%,10.77%,10.37%,10.00%,9.65%,9.32%,9.01%,8.72%,8.44%,8.18%,7.93%,7.69%,7.46%,7.25%,7.04%,6.85%,6.66%,6.48%,6.31%,6.14%,5.98%,5.83%,5.69%,5.55%,5.41%,5.28%,5.16%,5.04%,4.92%,4.81%,4.70%,4.60%,4.49%,4.40%
26,27.24%,25.16%,23.36%,21.79%,20.40%,19.16%,18.05%,17.06%,16.16%,15.34%,14.59%,13.91%,13.28%,12.70%,12.16%,11.66%,11.19%,10.76%,10.35%,9.97%,9.62%,9.28%,8.97%,8.67%,8.38%,8.12%,7.86%,7.62%,7.39%,7.18%,6.97%,6.77%,6.58%,6.40%,6.23%,6.06%,5.91%,5.75%,5.61%,5.47%,5.33%,5.20%,5.08%,4.96%,4.84%,4.73%,4.62%,4.52%,4.42%,4.32%,4.23%
27,26.23%,24.23%,22.50%,20.98%,19.64%,18.45%,17.39%,16.43%,15.56%,14.77%,14.05%,13.39%,12.79%,12.23%,11.71%,11.23%,10.78%,10.36%,9.97%,9.61%,9.26%,8.94%,8.63%,8.35%,8.07%,7.82%,7.57%,7.34%,7.12%,6.91%,6.71%,6.52%,6.34%,6.17%,6.00%,5.84%,5.69%,5.54%,5.40%,5.27%,5.14%,5.01%,4.89%,4.78%,4.66%,4.56%,4.45%,4.35%,4.26%,4.16%,4.07%
28,25.29%,23.36%,21.69%,20.23%,18.94%,17.79%,16.77%,15.84%,15.00%,14.24%,13.55%,12.91%,12.33%,11.79%,11.29%,10.83%,10.39%,9.99%,9.62%,9.26%,8.93%,8.62%,8.33%,8.05%,7.79%,7.54%,7.30%,7.08%,6.87%,6.66%,6.47%,6.29%,6.11%,5.95%,5.78%,5.63%,5.48%,5.34%,5.21%,5.08%,4.95%,4.83%,4.72%,4.60%,4.50%,4.39%,4.29%,4.20%,4.10%,4.01%,3.93%
29,24.42%,22.56%,20.94%,19.53%,18.29%,17.18%,16.19%,15.29%,14.49%,13.75%,13.08%,12.47%,11.90%,11.38%,10.90%,10.45%,10.04%,9.65%,9.28%,8.94%,8.62%,8.32%,8.04%,7.77%,7.52%,7.28%,7.05%,6.83%,6.63%,6.43%,6.25%,6.07%,5.90%,5.74%,5.59%,5.44%,5.30%,5.16%,5.03%,4.90%,4.78%,4.67%,4.55%,4.45%,4.34%,4.24%,4.15%,4.05%,3.96%,3.87%,3.79%
30,23.60%,21.81%,20.25%,18.88%,17.68%,16.61%,15.65%,14.78%,14.00%,13.29%,12.65%,12.05%,11.51%,11.00%,10.54%,10.10%,9.70%,9.33%,8.97%,8.64%,8.34%,8.04%,7.77%,7.51%,7.27%,7.04%,6.82%,6.61%,6.41%,6.22%,6.04%,5.87%,5.71%,5.55%,5.40%,5.26%,5.12%,4.99%,4.86%,4.74%,4.62%,4.51%,4.40%,4.30%,4.20%,4.10%,4.01%,3.92%,3.83%,3.75%,3.66%
31,22.84%,21.10%,19.59%,18.27%,17.11%,16.07%,15.14%,14.31%,13.55%,12.87%,12.24%,11.66%,11.14%,10.65%,10.20%,9.78%,9.39%,9.02%,8.68%,8.37%,8.07%,7.79%,7.52%,7.27%,7.03%,6.81%,6.60%,6.39%,6.20%,6.02%,5.85%,5.68%,5.52%,5.37%,5.23%,5.09%,4.95%,4.83%,4.70%,4.59%,4.47%,4.36%,4.26%,4.16%,4.06%,3.97%,3.88%,3.79%,3.71%,3.62%,3.55%
32,22.13%,20.44%,18.98%,17.70%,16.57%,15.57%,14.67%,13.86%,13.13%,12.46%,11.86%,11.30%,10.79%,10.32%,9.88%,9.47%,9.10%,8.74%,8.41%,8.10%,7.81%,7.54%,7.28%,7.04%,6.81%,6.60%,6.39%,6.19%,6.01%,5.83%,5.66%,5.50%,5.35%,5.20%,5.06%,4.93%,4.80%,4.68%,4.56%,4.44%,4.33%,4.23%,4.13%,4.03%,3.93%,3.84%,3.76%,3.67%,3.59%,3.51%,3.43%
33,21.46%,19.82%,18.41%,17.16%,16.07%,15.10%,14.22%,13.44%,12.73%,12.09%,11.50%,10.96%,10.46%,10.00%,9.58%,9.19%,8.82%,8.48%,8.16%,7.86%,7.58%,7.31%,7.06%,6.83%,6.61%,6.40%,6.20%,6.01%,5.83%,5.65%,5.49%,5.34%,5.19%,5.04%,4.91%,4.78%,4.65%,4.53%,4.42%,4.31%,4.20%,4.10%,4.00%,3.91%,3.82%,3.73%,3.64%,3.56%,3.48%,3.40%,3.33%
34,20.83%,19.24%,17.86%,16.66%,15.60%,14.65%,13.81%,13.05%,12.36%,11.73%,11.16%,10.64%,10.15%,9.71%,9.30%,8.92%,8.56%,8.23%,7.92%,7.63%,7.35%,7.10%,6.86%,6.63%,6.41%,6.21%,6.01%,5.83%,5.65%,5.49%,5.33%,5.18%,5.03%,4.90%,4.76%,4.64%,4.52%,4.40%,4.29%,4.18%,4.08%,3.98%,3.88%,3.79%,3.70%,3.62%,3.54%,3.46%,3.38%,3.30%,3.23%
35,20.23%,18.69%,17.35%,16.18%,15.15%,14.23%,13.41%,12.67%,12.00%,11.40%,10.84%,10.33%,9.86%,9.43%,9.03%,8.66%,8.32%,7.99%,7.69%,7.41%,7.14%,6.90%,6.66%,6.44%,6.23%,6.03%,5.84%,5.66%,5.49%,5.33%,5.18%,5.03%,4.89%,4.76%,4.63%,4.51%,4.39%,4.27%,4.17%,4.06%,3.96%,3.87%,3.77%,3.68%,3.60%,3.51%,3.43%,3.36%,3.28%,3.21%,3.14%
36,19.67%,18.17%,16.87%,15.73%,14.73%,13.84%,13.04%,12.32%,11.67%,11.08%,10.54%,10.04%,9.59%,9.17%,8.78%,8.42%,8.08%,7.77%,7.48%,7.20%,6.95%,6.70%,6.48%,6.26%,6.06%,5.86%,5.68%,5.51%,5.34%,5.18%,5.03%,4.89%,4.75%,4.62%,4.50%,4.38%,4.27%,4.16%,4.05%,3.95%,3.85%,3.76%,3.67%,3.58%,3.50%,3.42%,3.34%,3.26%,3.19%,3.12%,3.05%
37,19.14%,17.68%,16.42%,15.31%,14.33%,13.46%,12.69%,11.99%,11.35%,10.78%,10.25%,9.77%,9.33%,8.92%,8.54%,8.19%,7.87%,7.56%,7.28%,7.01%,6.76%,6.52%,6.30%,6.09%,5.89%,5.70%,5.53%,5.36%,5.20%,5.04%,4.90%,4.76%,4.63%,4.50%,4.38%,4.26%,4.15%,4.04%,3.94%,3.84%,3.75%,3.66%,3.57%,3.48%,3.40%,3.32%,3.25%,3.18%,3.11%,3.04%,2.97%
38,18.63%,17.22%,15.98%,14.91%,13.96%,13.11%,12.35%,11.67%,11.06%,10.50%,9.98%,9.52%,9.09%,8.69%,8.32%,7.98%,7.66%,7.36%,7.08%,6.82%,6.58%,6.35%,6.13%,5.93%,5.74%,5.55%,5.38%,5.22%,5.06%,4.91%,4.77%,4.63%,4.50%,4.38%,4.26%,4.15%,4.04%,3.94%,3.84%,3.74%,3.65%,3.56%,3.48%,3.39%,3.31%,3.24%,3.16%,3.09%,3.02%,2.96%,2.89%
39,18.16%,16.77%,15.57%,14.52%,13.60%,12.77%,12.04%,11.37%,10.77%,10.23%,9.73%,9.27%,8.85%,8.46%,8.11%,7.77%,7.46%,7.17%,6.90%,6.65%,6.41%,6.19%,5.98%,5.78%,5.59%,5.41%,5.24%,5.08%,4.93%,4.78%,4.65%,4.51%,4.39%,4.27%,4.15%,4.04%,3.94%,3.84%,3.74%,3.65%,3.56%,3.47%,3.39%,3.31%,3.23%,3.15%,3.08%,3.01%,2.95%,2.88%,2.82%
40,17.70%,16.35%,15.18%,14.16%,13.26%,12.45%,11.74%,11.09%,10.50%,9.97%,9.49%,9.04%,8.63%,8.25%,7.90%,7.58%,7.28%,6.99%,6.73%,6.48%,6.25%,6.03%,5.83%,5.63%,5.45%,5.28%,5.11%,4.96%,4.81%,4.67%,4.53%,4.40%,4.28%,4.16%,4.05%,3.94%,3.84%,3.74%,3.65%,3.55%,3.47%,3.38%,3.30%,3.22%,3.15%,3.08%,3.01%,2.94%,2.87%,2.81%,2.75%
41,17.27%,15.96%,14.81%,13.82%,12.93%,12.15%,11.45%,10.82%,10.25%,9.73%,9.25%,8.82%,8.42%,8.05%,7.71%,7.39%,7.10%,6.82%,6.57%,6.33%,6.10%,5.89%,5.69%,5.50%,5.32%,5.15%,4.99%,4.83%,4.69%,4.55%,4.42%,4.29%,4.17%,4.06%,3.95%,3.85%,3.75%,3.65%,3.56%,3.47%,3.38%,3.30%,3.22%,3.14%,3.07%,3.00%,2.93%,2.87%,2.80%,2.74%,2.68%
42,16.86%,15.58%,14.46%,13.49%,12.63%,11.86%,11.18%,10.56%,10.00%,9.50%,9.03%,8.61%,8.22%,7.86%,7.53%,7.22%,6.93%,6.66%,6.41%,6.17%,5.95%,5.75%,5.55%,5.37%,5.19%,5.03%,4.87%,4.72%,4.58%,4.44%,4.31%,4.19%,4.08%,3.96%,3.86%,3.75%,3.66%,3.56%,3.47%,3.39%,3.30%,3.22%,3.14%,3.07%,3.00%,2.93%,2.86%,2.80%,2.74%,2.68%,2.62%
43,16.47%,15.21%,14.13%,13.17%,12.33%,11.59%,10.92%,10.31%,9.77%,9.28%,8.82%,8.41%,8.03%,7.68%,7.35%,7.05%,6.77%,6.51%,6.26%,6.03%,5.82%,5.61%,5.42%,5.24%,5.07%,4.91%,4.76%,4.61%,4.47%,4.34%,4.21%,4.09%,3.98%,3.87%,3.77%,3.67%,3.57%,3.48%,3.39%,3.31%,3.22%,3.15%,3.07%,3.00%,2.93%,2.86%,2.80%,2.73%,2.67%,2.61%,2.56%
44,16.09%,14.87%,13.80%,12.87%,12.05%,11.32%,10.67%,10.08%,9.55%,9.06%,8.62%,8.22%,7.85%,7.50%,7.18%,6.89%,6.61%,6.36%,6.12%,5.89%,5.68%,5.48%,5.30%,5.12%,4.95%,4.80%,4.65%,4.50%,4.37%,4.24%,4.12%,4.00%,3.89%,3.78%,3.68%,3.58%,3.49%,3.40%,3.31%,3.23%,3.15%,3.07%,3.00%,2.93%,2.86%,2.80%,2.73%,2.67%,2.61%,2.55%,2.50%
45,15.74%,14.54%,13.50%,12.59%,11.78%,11.07%,10.43%,9.86%,9.34%,8.86%,8.43%,8.04%,7.67%,7.34%,7.03%,6.74%,6.47%,6.22%,5.98%,5.76%,5.56%,5.36%,5.18%,5.01%,4.84%,4.69%,4.54%,4.40%,4.27%,4.15%,4.03%,3.91%,3.80%,3.70%,3.60%,3.50%,3.41%,3.32%,3.24%,3.16%,3.08%,3.01%,2.93%,2.87%,2.80%,2.73%,2.67%,2.61%,2.55%,2.50%,2.44%
46,15.39%,14.22%,13.20%,12.31%,11.53%,10.83%,10.20%,9.64%,9.13%,8.67%,8.25%,7.86%,7.51%,7.18%,6.87%,6.59%,6.33%,6.08%,5.85%,5.64%,5.44%,5.25%,5.07%,4.90%,4.74%,4.59%,4.44%,4.31%,4.18%,4.06%,3.94%,3.83%,3.72%,3.62%,3.52%,3.43%,3.34%,3.25%,3.17%,3.09%,3.01%,2.94%,2.87%,2.80%,2.74%,2.67%,2.61%,2.55%,2.50%,2.44%,2.39%
47,15.07%,13.92%,12.92%,12.05%,11.28%,10.60%,9.99%,9.44%,8.94%,8.49%,8.07%,7.69%,7.35%,7.02%,6.73%,6.45%,6.19%,5.95%,5.73%,5.52%,5.32%,5.13%,4.96%,4.79%,4.64%,4.49%,4.35%,4.22%,4.09%,3.97%,3.86%,3.75%,3.64%,3.54%,3.45%,3.35%,3.27%,3.18%,3.10%,3.02%,2.95%,2.88%,2.81%,2.74%,2.68%,2.62%,2.56%,2.50%,2.44%,2.39%,2.34%
48,14.75%,13.63%,12.65%,11.80%,11.05%,10.38%,9.78%,9.24%,8.75%,8.31%,7.90%,7.53%,7.19%,6.88%,6.59%,6.32%,6.06%,5.83%,5.61%,5.40%,5.21%,5.03%,4.86%,4.69%,4.54%,4.40%,4.26%,4.13%,4.01%,3.89%,3.78%,3.67%,3.57%,3.47%,3.37%,3.29%,3.20%,3.12%,3.04%,2.96%,2.89%,2.82%,2.75%,2.69%,2.62%,2.56%,2.50%,2.45%,2.39%,2.34%,2.29%
49,14.45%,13.35%,12.40%,11.56%,10.82%,10.17%,9.58%,9.05%,8.57%,8.14%,7.74%,7.38%,7.05%,6.74%,6.45%,6.19%,5.94%,5.71%,5.49%,5.29%,5.10%,4.93%,4.76%,4.60%,4.45%,4.31%,4.17%,4.05%,3.92%,3.81%,3.70%,3.59%,3.49%,3.40%,3.31%,3.22%,3.13%,3.05%,2.98%,2.90%,2.83%,2.76%,2.70%,2.63%,2.57%,2.51%,2.45%,2.40%,2.34%,2.29%,2.24%
50,14.16%,13.08%,12.15%,11.33%,10.61%,9.96%,9.39%,8.87%,8.40%,7.98%,7.59%,7.23%,6.90%,6.60%,6.32%,6.06%,5.82%,5.60%,5.38%,5.19%,5.00%,4.83%,4.66%,4.51%,4.36%,4.22%,4.09%,3.96%,3.85%,3.73%,3.62%,3.52%,3.42%,3.33%,3.24%,3.15%,3.07%,2.99%,2.92%,2.84%,2.77%,2.71%,2.64%,2.58%,2.52%,2.46%,2.40%,2.35%,2.30%,2.25%,2.20%
51,13.88%,12.83%,11.91%,11.11%,10.40%,9.77%,9.20%,8.70%,8.24%,7.82%,7.44%,7.09%,6.77%,6.47%,6.20%,5.94%,5.71%,5.49%,5.28%,5.09%,4.90%,4.73%,4.57%,4.42%,4.27%,4.14%,4.01%,3.89%,3.77%,3.66%,3.55%,3.45%,3.36%,3.26%,3.18%,3.09%,3.01%,2.93%,2.86%,2.79%,2.72%,2.65%,2.59%,2.53%,2.47%,2.41%,2.36%,2.30%,2.25%,2.20%,2.16%
52,13.62%,12.58%,11.68%,10.89%,10.20%,9.58%,9.03%,8.53%,8.08%,7.67%,7.30%,6.95%,6.64%,6.35%,6.08%,5.83%,5.60%,5.38%,5.18%,4.99%,4.81%,4.64%,4.48%,4.33%,4.19%,4.06%,3.93%,3.81%,3.70%,3.59%,3.48%,3.39%,3.29%,3.20%,3.11%,3.03%,2.95%,2.88%,2.80%,2.73%,2.67%,2.60%,2.54%,2.48%,2.42%,2.37%,2.31%,2.26%,2.21%,2.16%,2.11%
53,13.36%,12.34%,11.46%,10.69%,10.01%,9.40%,8.86%,8.37%,7.93%,7.53%,7.16%,6.82%,6.51%,6.23%,5.96%,5.72%,5.49%,5.28%,5.08%,4.89%,4.72%,4.55%,4.40%,4.25%,4.11%,3.98%,3.86%,3.74%,3.63%,3.52%,3.42%,3.32%,3.23%,3.14%,3.06%,2.98%,2.90%,2.82%,2.75%,2.68%,2.62%,2.55%,2.49%,2.43%,2.38%,2.32%,2.27%,2.22%,2.17%,2.12%,2.07%
54,13.11%,12.11%,11.25%,10.49%,9.82%,9.23%,8.69%,8.21%,7.78%,7.39%,7.03%,6.70%,6.39%,6.11%,5.85%,5.61%,5.39%,5.18%,4.99%,4.80%,4.63%,4.47%,4.32%,4.17%,4.04%,3.91%,3.79%,3.67%,3.56%,3.46%,3.36%,3.26%,3.17%,3.08%,3.00%,2.92%,2.84%,2.77%,2.70%,2.63%,2.57%,2.51%,2.45%,2.39%,2.33%,2.28%,2.23%,2.18%,2.13%,2.08%,2.04%
55,12.87%,11.89%,11.04%,10.30%,9.64%,9.06%,8.53%,8.06%,7.64%,7.25%,6.90%,6.57%,6.28%,6.00%,5.75%,5.51%,5.29%,5.09%,4.90%,4.72%,4.55%,4.39%,4.24%,4.10%,3.96%,3.84%,3.72%,3.60%,3.50%,3.39%,3.29%,3.20%,3.11%,3.03%,2.95%,2.87%,2.79%,2.72%,2.65%,2.58%,2.52%,2.46%,2.40%,2.34%,2.29%,2.24%,2.19%,2.14%,2.09%,2.04%,2.00%
56,12.65%,11.68%,10.85%,10.12%,9.47%,8.90%,8.38%,7.92%,7.50%,7.12%,6.78%,6.46%,6.16%,5.89%,5.65%,5.41%,5.20%,5.00%,4.81%,4.63%,4.47%,4.31%,4.16%,4.02%,3.89%,3.77%,3.65%,3.54%,3.43%,3.33%,3.24%,3.14%,3.06%,2.97%,2.89%,2.82%,2.74%,2.67%,2.60%,2.54%,2.48%,2.42%,2.36%,2.30%,2.25%,2.20%,2.15%,2.10%,2.05%,2.01%,1.96%
57,12.42%,11.48%,10.66%,9.94%,9.30%,8.74%,8.24%,7.78%,7.37%,7.00%,6.66%,6.34%,6.06%,5.79%,5.55%,5.32%,5.11%,4.91%,4.72%,4.55%,4.39%,4.23%,4.09%,3.95%,3.82%,3.70%,3.59%,3.48%,3.37%,3.27%,3.18%,3.09%,3.00%,2.92%,2.84%,2.77%,2.69%,2.62%,2.56%,2.49%,2.43%,2.37%,2.32%,2.26%,2.21%,2.16%,2.11%,2.06%,2.02%,1.97%,1.93%
58,12.21%,11.28%,10.47%,9.77%,9.14%,8.59%,8.09%,7.65%,7.24%,6.88%,6.54%,6.23%,5.95%,5.69%,5.45%,5.23%,5.02%,4.82%,4.64%,4.47%,4.31%,4.16%,4.02%,3.89%,3.76%,3.64%,3.53%,3.42%,3.31%,3.22%,3.12%,3.04%,2.95%,2.87%,2.79%,2.72%,2.65%,2.58%,2.51%,2.45%,2.39%,2.33%,2.28%,2.22%,2.17%,2.12%,2.07%,2.03%,1.98%,1.94%,1.90%
59,12.00%,11.09%,10.29%,9.60%,8.99%,8.44%,7.96%,7.52%,7.12%,6.76%,6.43%,6.13%,5.85%,5.60%,5.36%,5.14%,4.93%,4.74%,4.56%,4.40%,4.24%,4.09%,3.95%,3.82%,3.70%,3.58%,3.47%,3.36%,3.26%,3.16%,3.07%,2.98%,2.90%,2.82%,2.75%,2.67%,2.60%,2.54%,2.47%,2.41%,2.35%,2.29%,2.24%,2.19%,2.13%,2.08%,2.04%,1.99%,1.95%,1.90%,1.86%
60,11.80%,10.90%,10.12%,9.44%,8.84%,8.30%,7.82%,7.39%,7.00%,6.65%,6.32%,6.03%,5.75%,5.50%,5.27%,5.05%,4.85%,4.66%,4.49%,4.32%,4.17%,4.02%,3.89%,3.76%,3.63%,3.52%,3.41%,3.30%,3.20%,3.11%,3.02%,2.93%,2.85%,2.77%,2.70%,2.63%,2.56%,2.49%,2.43%,2.37%,2.31%,2.25%,2.20%,2.15%,2.10%,2.05%,2.00%,1.96%,1.91%,1.87%,1.83%
61,11.61%,10.72%,9.96%,9.29%,8.69%,8.17%,7.70%,7.27%,6.89%,6.54%,6.22%,5.93%,5.66%,5.41%,5.18%,4.97%,4.77%,4.59%,4.41%,4.25%,4.10%,3.96%,3.82%,3.69%,3.57%,3.46%,3.35%,3.25%,3.15%,3.06%,2.97%,2.89%,2.81%,2.73%,2.66%,2.58%,2.52%,2.45%,2.39%,2.33%,2.27%,2.22%,2.16%,2.11%,2.06%,2.02%,1.97%,1.93%,1.88%,1.84%,1.80%
62,11.42%,10.55%,9.80%,9.14%,8.55%,8.04%,7.57%,7.15%,6.78%,6.43%,6.12%,5.83%,5.57%,5.32%,5.10%,4.89%,4.69%,4.51%,4.34%,4.18%,4.03%,3.89%,3.76%,3.63%,3.52%,3.40%,3.30%,3.20%,3.10%,3.01%,2.92%,2.84%,2.76%,2.68%,2.61%,2.54%,2.48%,2.41%,2.35%,2.29%,2.24%,2.18%,2.13%,2.08%,2.03%,1.98%,1.94%,1.90%,1.85%,1.81%,1.77%
63,11.24%,10.38%,9.64%,8.99%,8.42%,7.91%,7.45%,7.04%,6.67%,6.33%,6.02%,5.74%,5.48%,5.24%,5.02%,4.81%,4.62%,4.44%,4.27%,4.12%,3.97%,3.83%,3.70%,3.58%,3.46%,3.35%,3.25%,3.15%,3.05%,2.96%,2.88%,2.79%,2.72%,2.64%,2.57%,2.50%,2.44%,2.37%,2.31%,2.26%,2.20%,2.15%,2.10%,2.05%,2.00%,1.95%,1.91%,1.87%,1.82%,1.78%,1.74%
64,11.06%,10.22%,9.49%,8.85%,8.29%,7.78%,7.33%,6.93%,6.56%,6.23%,5.93%,5.65%,5.39%,5.16%,4.94%,4.74%,4.55%,4.37%,4.21%,4.05%,3.91%,3.77%,3.64%,3.52%,3.41%,3.30%,3.19%,3.10%,3.00%,2.92%,2.83%,2.75%,2.67%,2.60%,2.53%,2.46%,2.40%,2.34%,2.28%,2.22%,2.17%,2.11%,2.06%,2.01%,1.97%,1.92%,1.88%,1.84%,1.80%,1.76%,1.72%
65,10.89%,10.06%,9.34%,8.71%,8.16%,7.66%,7.22%,6.82%,6.46%,6.14%,5.84%,5.56%,5.31%,5.08%,4.86%,4.66%,4.48%,4.30%,4.14%,3.99%,3.85%,3.71%,3.59%,3.47%,3.35%,3.25%,3.15%,3.05%,2.96%,2.87%,2.79%,2.71%,2.63%,2.56%,2.49%,2.43%,2.36%,2.30%,2.24%,2.19%,2.13%,2.08%,2.03%,1.98%,1.94%,1.89%,1.85%,1.81%,1.77%,1.73%,1.69%
66,10.73%,9.91%,9.20%,8.58%,8.03%,7.55%,7.11%,6.72%,6.37%,6.04%,5.75%,5.48%,5.23%,5.00%,4.79%,4.59%,4.41%,4.24%,4.08%,3.93%,3.79%,3.66%,3.53%,3.41%,3.30%,3.20%,3.10%,3.00%,2.91%,2.83%,2.75%,2.67%,2.59%,2.52%,2.45%,2.39%,2.33%,2.27%,2.21%,2.15%,2.10%,2.05%,2.00%,1.95%,1.91%,1.86%,1.82%,1.78%,1.74%,1.70%,1.67%
67,10.57%,9.76%,9.07%,8.45%,7.91%,7.44%,7.01%,6.62%,6.27%,5.95%,5.66%,5.40%,5.15%,4.93%,4.72%,4.52%,4.34%,4.18%,4.02%,3.87%,3.73%,3.60%,3.48%,3.36%,3.25%,3.15%,3.05%,2.96%,2.87%,2.79%,2.70%,2.63%,2.55%,2.48%,2.42%,2.35%,2.29%,2.23%,2.18%,2.12%,2.07%,2.02%,1.97%,1.92%,1.88%,1.84%,1.79%,1.75%,1.71%,1.68%,1.64%
68,10.41%,9.62%,8.93%,8.33%,7.80%,7.33%,6.90%,6.52%,6.18%,5.87%,5.58%,5.32%,5.08%,4.85%,4.65%,4.46%,4.28%,4.11%,3.96%,3.81%,3.68%,3.55%,3.43%,3.31%,3.21%,3.10%,3.01%,2.91%,2.83%,2.74%,2.66%,2.59%,2.52%,2.45%,2.38%,2.32%,2.26%,2.20%,2.14%,2.09%,2.04%,1.99%,1.94%,1.90%,1.85%,1.81%,1.77%,1.73%,1.69%,1.65%,1.62%
69,10.26%,9.48%,8.80%,8.21%,7.69%,7.22%,6.80%,6.43%,6.09%,5.78%,5.50%,5.24%,5.00%,4.78%,4.58%,4.39%,4.22%,4.05%,3.90%,3.76%,3.62%,3.50%,3.38%,3.27%,3.16%,3.06%,2.96%,2.87%,2.79%,2.70%,2.63%,2.55%,2.48%,2.41%,2.35%,2.29%,2.23%,2.17%,2.11%,2.06%,2.01%,1.96%,1.91%,1.87%,1.82%,1.78%,1.74%,1.70%,1.67%,1.63%,1.59%
70,10.12%,9.35%,8.68%,8.09%,7.58%,7.12%,6.71%,6.34%,6.00%,5.70%,5.42%,5.17%,4.93%,4.72%,4.52%,4.33%,4.16%,4.00%,3.85%,3.70%,3.57%,3.45%,3.33%,3.22%,3.11%,3.02%,2.92%,2.83%,2.75%,2.67%,2.59%,2.52%,2.45%,2.38%,2.31%,2.25%,2.19%,2.14%,2.08%,2.03%,1.98%,1.93%,1.89%,1.84%,1.80%,1.76%,1.72%,1.68%,1.64%,1.61%,1.57%
71,9.97%,9.21%,8.55%,7.98%,7.47%,7.02%,6.61%,6.25%,5.92%,5.62%,5.34%,5.09%,4.86%,4.65%,4.45%,4.27%,4.10%,3.94%,3.79%,3.65%,3.52%,3.40%,3.28%,3.17%,3.07%,2.97%,2.88%,2.79%,2.71%,2.63%,2.55%,2.48%,2.41%,2.34%,2.28%,2.22%,2.16%,2.11%,2.05%,2.00%,1.95%,1.91%,1.86%,1.82%,1.77%,1.73%,1.69%,1.65%,1.62%,1.58%,1.55%
72,9.84%,9.09%,8.44%,7.87%,7.37%,6.92%,6.52%,6.16%,5.84%,5.54%,5.27%,5.02%,4.79%,4.58%,4.39%,4.21%,4.04%,3.89%,3.74%,3.60%,3.47%,3.35%,3.24%,3.13%,3.03%,2.93%,2.84%,2.75%,2.67%,2.59%,2.52%,2.45%,2.38%,2.31%,2.25%,2.19%,2.13%,2.08%,2.03%,1.97%,1.93%,1.88%,1.83%,1.79%,1.75%,1.71%,1.67%,1.63%,1.60%,1.56%,1.53%
73,9.70%,8.96%,8.32%,7.76%,7.26%,6.82%,6.43%,6.08%,5.76%,5.46%,5.20%,4.95%,4.73%,4.52%,4.33%,4.15%,3.99%,3.83%,3.69%,3.55%,3.43%,3.31%,3.19%,3.09%,2.99%,2.89%,2.80%,2.72%,2.63%,2.56%,2.48%,2.41%,2.34%,2.28%,2.22%,2.16%,2.10%,2.05%,2.00%,1.95%,1.90%,1.85%,1.81%,1.77%,1.72%,1.69%,1.65%,1.61%,1.57%,1.54%,1.51%
74,9.57%,8.84%,8.21%,7.65%,7.17%,6.73%,6.34%,5.99%,5.68%,5.39%,5.13%,4.89%,4.67%,4.46%,4.27%,4.10%,3.93%,3.78%,3.64%,3.50%,3.38%,3.26%,3.15%,3.05%,2.95%,2.85%,2.76%,2.68%,2.60%,2.52%,2.45%,2.38%,2.31%,2.25%,2.19%,2.13%,2.08%,2.02%,1.97%,1.92%,1.87%,1.83%,1.78%,1.74%,1.70%,1.66%,1.62%,1.59%,1.55%,1.52%,1.49%
75,9.44%,8.72%,8.10%,7.55%,7.07%,6.64%,6.26%,5.91%,5.60%,5.32%,5.06%,4.82%,4.60%,4.40%,4.22%,4.04%,3.88%,3.73%,3.59%,3.46%,3.33%,3.22%,3.11%,3.00%,2.91%,2.81%,2.73%,2.64%,2.56%,2.49%,2.42%,2.35%,2.28%,2.22%,2.16%,2.10%,2.05%,1.99%,1.94%,1.90%,1.85%,1.80%,1.76%,1.72%,1.68%,1.64%,1.60%,1.57%,1.53%,1.50%,1.47%
76,9.32%,8.61%,7.99%,7.45%,6.98%,6.55%,6.18%,5.84%,5.53%,5.25%,4.99%,4.76%,4.54%,4.34%,4.16%,3.99%,3.83%,3.68%,3.54%,3.41%,3.29%,3.18%,3.07%,2.97%,2.87%,2.78%,2.69%,2.61%,2.53%,2.46%,2.38%,2.32%,2.25%,2.19%,2.13%,2.07%,2.02%,1.97%,1.92%,1.87%,1.82%,1.78%,1.74%,1.70%,1.66%,1.62%,1.58%,1.55%,1.51%,1.48%,1.45%
77,9.20%,8.50%,7.89%,7.36%,6.89%,6.47%,6.10%,5.76%,5.46%,5.18%,4.93%,4.70%,4.48%,4.29%,4.11%,3.94%,3.78%,3.63%,3.50%,3.37%,3.25%,3.13%,3.03%,2.93%,2.83%,2.74%,2.66%,2.57%,2.50%,2.42%,2.35%,2.29%,2.22%,2.16%,2.10%,2.05%,1.99%,1.94%,1.89%,1.85%,1.80%,1.76%,1.72%,1.67%,1.64%,1.60%,1.56%,1.53%,1.49%,1.46%,1.43%
78,9.08%,8.39%,7.79%,7.26%,6.80%,6.39%,6.02%,5.69%,5.39%,5.11%,4.86%,4.64%,4.43%,4.23%,4.05%,3.89%,3.73%,3.59%,3.45%,3.32%,3.21%,3.09%,2.99%,2.89%,2.79%,2.71%,2.62%,2.54%,2.46%,2.39%,2.32%,2.26%,2.19%,2.13%,2.08%,2.02%,1.97%,1.92%,1.87%,1.82%,1.78%,1.73%,1.69%,1.65%,1.61%,1.58%,1.54%,1.51%,1.47%,1.44%,1.41%
79,8.96%,8.28%,7.69%,7.17%,6.71%,6.31%,5.94%,5.61%,5.32%,5.05%,4.80%,4.58%,4.37%,4.18%,4.00%,3.84%,3.68%,3.54%,3.41%,3.28%,3.17%,3.05%,2.95%,2.85%,2.76%,2.67%,2.59%,2.51%,2.43%,2.36%,2.29%,2.23%,2.17%,2.11%,2.05%,2.00%,1.94%,1.89%,1.85%,1.80%,1.76%,1.71%,1.67%,1.63%,1.59%,1.56%,1.52%,1.49%,1.45%,1.42%,1.39%
80,8.85%,8.18%,7.59%,7.08%,6.63%,6.23%,5.87%,5.54%,5.25%,4.99%,4.74%,4.52%,4.32%,4.13%,3.95%,3.79%,3.64%,3.50%,3.37%,3.24%,3.13%,3.02%,2.91%,2.82%,2.73%,2.64%,2.56%,2.48%,2.40%,2.33%,2.27%,2.20%,2.14%,2.08%,2.02%,1.97%,1.92%,1.87%,1.82%,1.78%,1.73%,1.69%,1.65%,1.61%,1.57%,1.54%,1.50%,1.47%,1.44%,1.40%,1.37%
81,8.74%,8.08%,7.50%,6.99%,6.55%,6.15%,5.80%,5.48%,5.19%,4.92%,4.68%,4.46%,4.26%,4.08%,3.90%,3.74%,3.59%,3.45%,3.32%,3.20%,3.09%,2.98%,2.88%,2.78%,2.69%,2.61%,2.52%,2.45%,2.37%,2.30%,2.24%,2.17%,2.11%,2.06%,2.00%,1.95%,1.90%,1.85%,1.80%,1.76%,1.71%,1.67%,1.63%,1.59%,1.55%,1.52%,1.48%,1.45%,1.42%,1.39%,1.36%
82,8.64%,7.98%,7.41%,6.91%,6.47%,6.08%,5.72%,5.41%,5.12%,4.86%,4.63%,4.41%,4.21%,4.03%,3.86%,3.70%,3.55%,3.41%,3.28%,3.16%,3.05%,2.94%,2.84%,2.75%,2.66%,2.57%,2.49%,2.42%,2.34%,2.28%,2.21%,2.15%,2.09%,2.03%,1.98%,1.92%,1.87%,1.82%,1.78%,1.73%,1.69%,1.65%,1.61%,1.57%,1.54%,1.50%,1.47%,1.43%,1.40%,1.37%,1.34%
83,8.53%,7.88%,7.32%,6.82%,6.39%,6.00%,5.66%,5.34%,5.06%,4.81%,4.57%,4.36%,4.16%,3.98%,3.81%,3.65%,3.51%,3.37%,3.24%,3.12%,3.01%,2.91%,2.81%,2.72%,2.63%,2.54%,2.46%,2.39%,2.32%,2.25%,2.18%,2.12%,2.06%,2.01%,1.95%,1.90%,1.85%,1.80%,1.76%,1.71%,1.67%,1.63%,1.59%,1.55%,1.52%,1.48%,1.45%,1.42%,1.38%,1.35%,1.32%
84,8.43%,7.79%,7.23%,6.74%,6.31%,5.93%,5.59%,5.28%,5.00%,4.75%,4.52%,4.30%,4.11%,3.93%,3.76%,3.61%,3.46%,3.33%,3.21%,3.09%,2.98%,2.87%,2.78%,2.68%,2.60%,2.51%,2.43%,2.36%,2.29%,2.22%,2.16%,2.10%,2.04%,1.98%,1.93%,1.88%,1.83%,1.78%,1.74%,1.69%,1.65%,1.61%,1.57%,1.53%,1.50%,1.46%,1.43%,1.40%,1.37%,1.34%,1.31%
85,8.33%,7.70%,7.15%,6.66%,6.24%,5.86%,5.52%,5.22%,4.94%,4.69%,4.46%,4.25%,4.06%,3.88%,3.72%,3.57%,3.42%,3.29%,3.17%,3.05%,2.94%,2.84%,2.74%,2.65%,2.56%,2.48%,2.41%,2.33%,2.26%,2.20%,2.13%,2.07%,2.01%,1.96%,1.91%,1.86%,1.81%,1.76%,1.72%,1.67%,1.63%,1.59%,1.55%,1.52%,1.48%,1.45%,1.41%,1.38%,1.35%,1.32%,1.29%
86,8.23%,7.61%,7.06%,6.59%,6.17%,5.79%,5.46%,5.16%,4.89%,4.64%,4.41%,4.20%,4.01%,3.84%,3.68%,3.52%,3.38%,3.25%,3.13%,3.02%,2.91%,2.81%,2.71%,2.62%,2.53%,2.45%,2.38%,2.30%,2.24%,2.17%,2.11%,2.05%,1.99%,1.94%,1.88%,1.83%,1.79%,1.74%,1.70%,1.65%,1.61%,1.57%,1.54%,1.50%,1.46%,1.43%,1.40%,1.37%,1.34%,1.31%,1.28%
87,8.14%,7.52%,6.98%,6.51%,6.10%,5.73%,5.40%,5.10%,4.83%,4.58%,4.36%,4.16%,3.97%,3.79%,3.63%,3.48%,3.35%,3.22%,3.09%,2.98%,2.87%,2.77%,2.68%,2.59%,2.51%,2.43%,2.35%,2.28%,2.21%,2.14%,2.08%,2.02%,1.97%,1.91%,1.86%,1.81%,1.77%,1.72%,1.68%,1.63%,1.59%,1.56%,1.52%,1.48%,1.45%,1.41%,1.38%,1.35%,1.32%,1.29%,1.26%
88,8.05%,7.43%,6.90%,6.44%,6.03%,5.66%,5.33%,5.04%,4.77%,4.53%,4.31%,4.11%,3.92%,3.75%,3.59%,3.44%,3.31%,3.18%,3.06%,2.95%,2.84%,2.74%,2.65%,2.56%,2.48%,2.40%,2.32%,2.25%,2.18%,2.12%,2.06%,2.00%,1.95%,1.89%,1.84%,1.79%,1.75%,1.70%,1.66%,1.62%,1.58%,1.54%,1.50%,1.47%,1.43%,1.40%,1.37%,1.34%,1.31%,1.28%,1.25%
89,7.96%,7.35%,6.82%,6.36%,5.96%,5.60%,5.27%,4.98%,4.72%,4.48%,4.26%,4.06%,3.88%,3.71%,3.55%,3.41%,3.27%,3.14%,3.03%,2.91%,2.81%,2.71%,2.62%,2.53%,2.45%,2.37%,2.30%,2.23%,2.16%,2.10%,2.04%,1.98%,1.92%,1.87%,1.82%,1.77%,1.73%,1.68%,1.64%,1.60%,1.56%,1.52%,1.48%,1.45%,1.41%,1.38%,1.35%,1.32%,1.29%,1.26%,1.23%
90,7.87%,7.27%,6.75%,6.29%,5.89%,5.54%,5.22%,4.93%,4.67%,4.43%,4.22%,4.02%,3.84%,3.67%,3.51%,3.37%,3.23%,3.11%,2.99%,2.88%,2.78%,2.68%,2.59%,2.50%,2.42%,2.35%,2.27%,2.20%,2.14%,2.07%,2.01%,1.96%,1.90%,1.85%,1.80%,1.75%,1.71%,1.66%,1.62%,1.58%,1.54%,1.50%,1.47%,1.43%,1.40%,1.37%,1.34%,1.31%,1.28%,1.25%,1.22%
91,7.78%,7.19%,6.67%,6.22%,5.83%,5.47%,5.16%,4.87%,4.62%,4.38%,4.17%,3.97%,3.79%,3.63%,3.47%,3.33%,3.20%,3.07%,2.96%,2.85%,2.75%,2.65%,2.56%,2.48%,2.40%,2.32%,2.25%,2.18%,2.11%,2.05%,1.99%,1.93%,1.88%,1.83%,1.78%,1.73%,1.69%,1.64%,1.60%,1.56%,1.52%,1.49%,1.45%,1.42%,1.38%,1.35%,1.32%,1.29%,1.26%,1.23%,1.21%
92,7.70%,7.11%,6.60%,6.16%,5.76%,5.41%,5.10%,4.82%,4.57%,4.34%,4.12%,3.93%,3.75%,3.59%,3.44%,3.29%,3.16%,3.04%,2.93%,2.82%,2.72%,2.62%,2.53%,2.45%,2.37%,2.29%,2.22%,2.15%,2.09%,2.03%,1.97%,1.91%,1.86%,1.81%,1.76%,1.71%,1.67%,1.63%,1.58%,1.55%,1.51%,1.47%,1.44%,1.40%,1.37%,1.34%,1.31%,1.28%,1.25%,1.22%,1.19%
93,7.61%,7.03%,6.53%,6.09%,5.70%,5.36%,5.05%,4.77%,4.52%,4.29%,4.08%,3.89%,3.71%,3.55%,3.40%,3.26%,3.13%,3.01%,2.89%,2.79%,2.69%,2.60%,2.51%,2.42%,2.34%,2.27%,2.20%,2.13%,2.07%,2.01%,1.95%,1.89%,1.84%,1.79%,1.74%,1.70%,1.65%,1.61%,1.57%,1.53%,1.49%,1.45%,1.42%,1.39%,1.35%,1.32%,1.29%,1.26%,1.24%,1.21%,1.18%
94,7.53%,6.96%,6.46%,6.03%,5.64%,5.30%,4.99%,4.72%,4.47%,4.24%,4.04%,3.85%,3.67%,3.51%,3.36%,3.22%,3.10%,2.98%,2.86%,2.76%,2.66%,2.57%,2.48%,2.40%,2.32%,2.25%,2.18%,2.11%,2.05%,1.99%,1.93%,1.87%,1.82%,1.77%,1.72%,1.68%,1.63%,1.59%,1.55%,1.51%,1.48%,1.44%,1.40%,1.37%,1.34%,1.31%,1.28%,1.25%,1.22%,1.20%,1.17%
95,7.45%,6.89%,6.39%,5.96%,5.58%,5.24%,4.94%,4.67%,4.42%,4.20%,3.99%,3.81%,3.63%,3.47%,3.33%,3.19%,3.06%,2.94%,2.83%,2.73%,2.63%,2.54%,2.45%,2.37%,2.29%,2.22%,2.15%,2.09%,2.02%,1.96%,1.91%,1.85%,1.80%,1.75%,1.71%,1.66%,1.62%,1.57%,1.53%,1.50%,1.46%,1.42%,1.39%,1.36%,1.33%,1.29%,1.27%,1.24%,1.21%,1.18%,1.16%
96,7.38%,6.81%,6.33%,5.90%,5.52%,5.19%,4.89%,4.62%,4.38%,4.15%,3.95%,3.77%,3.60%,3.44%,3.29%,3.16%,3.03%,2.91%,2.80%,2.70%,2.60%,2.51%,2.43%,2.35%,2.27%,2.20%,2.13%,2.06%,2.00%,1.94%,1.89%,1.83%,1.78%,1.73%,1.69%,1.64%,1.60%,1.56%,1.52%,1.48%,1.44%,1.41%,1.38%,1.34%,1.31%,1.28%,1.25%,1.22%,1.20%,1.17%,1.14%
97,7.30%,6.74%,6.26%,5.84%,5.47%,5.14%,4.84%,4.57%,4.33%,4.11%,3.91%,3.73%,3.56%,3.40%,3.26%,3.13%,3.00%,2.88%,2.78%,2.67%,2.58%,2.49%,2.40%,2.32%,2.25%,2.18%,2.11%,2.04%,1.98%,1.92%,1.87%,1.82%,1.76%,1.72%,1.67%,1.63%,1.58%,1.54%,1.50%,1.47%,1.43%,1.39%,1.36%,1.33%,1.30%,1.27%,1.24%,1.21%,1.18%,1.16%,1.13%
98,7.23%,6.68%,6.20%,5.78%,5.41%,5.08%,4.79%,4.53%,4.29%,4.07%,3.87%,3.69%,3.52%,3.37%,3.23%,3.09%,2.97%,2.85%,2.75%,2.65%,2.55%,2.46%,2.38%,2.30%,2.22%,2.15%,2.09%,2.02%,1.96%,1.90%,1.85%,1.80%,1.75%,1.70%,1.65%,1.61%,1.57%,1.53%,1.49%,1.45%,1.41%,1.38%,1.35%,1.32%,1.28%,1.26%,1.23%,1.20%,1.17%,1.15%,1.12%
99,7.15%,6.61%,6.14%,5.72%,5.36%,5.03%,4.74%,4.48%,4.24%,4.03%,3.83%,3.65%,3.49%,3.33%,3.19%,3.06%,2.94%,2.83%,2.72%,2.62%,2.53%,2.44%,2.35%,2.28%,2.20%,2.13%,2.07%,2.00%,1.94%,1.88%,1.83%,1.78%,1.73%,1.68%,1.64%,1.59%,1.55%,1.51%,1.47%,1.44%,1.40%,1.37%,1.33%,1.30%,1.27%,1.24%,1.21%,1.19%,1.16%,1.13%,1.11%
100,7.08%,6.54%,6.07%,5.66%,5.30%,4.98%,4.69%,4.44%,4.20%,3.99%,3.79%,3.62%,3.45%,3.30%,3.16%,3.03%,2.91%,2.80%,2.69%,2.59%,2.50%,2.41%,2.33%,2.25%,2.18%,2.11%,2.04%,1.98%,1.92%,1.87%,1.81%,1.76%,1.71%,1.66%,1.62%,1.58%,1.54%,1.50%,1.46%,1.42%,1.39%,1.35%,1.32%,1.29%,1.26%,1.23%,1.20%,1.18%,1.15%,1.12%,1.10%